Plant,Density,Pij
1,C,0.34299
2,A,0.16659
3,B,0.47004
4,C,0.62481
5,B,0.21926
6,B,0.16659
7,C,0.47502
8,C,0.52747
9,A,0.41581
10,B,0.42556
11,A,0.19466
12,A,0.34299
13,C,0.677
14,C,0.76674
15,A,0.13124
16,B,0.58419
17,B,0.38225
18,A,0.28905